Weight,Minimum BCS,Maximum BCS,Breed,Breed Grade,Horn,Udder,Skin Coat,Cleft,Teat,Worm Load,Wound,Rumination,Animal Alertness,BCS,Buying Recommendation,Breeding Capacity,Interpretations(English),Interpretations(Hindi),Interpretations(Kannada),Recommendation(English),Recommendation(Hindi),Recommendation(Kannada)
None,None,None,None,None,None,None,Skin-Coat-Rough,None,None,None,None,None,None,None,NO,Poor,"Rough skin coat may result from a high deficiency in essential multi minerals and vitamins (e.g., Copper, Zinc, Selenium, Vitamin A etc..) & May be due to worm infestation.","त्वचा की खुरदुरी परत  तब हो सकती है जब शरीर में ज़रूरी मिनरल्स और विटामिन (जैसे, कॉपर, जिंक, सेलेनियम, विटामिन ए आदि) की बहुत कमी हो जाए। इसके अलावा, यह कीड़े  के संक्रमण से भी हो सकती है।","ಮಲ್ಟಿ ಮಿನರಲ್ಸ್(ಖನಿಜಗಳಾದ Copper, zinc, Selenium etc.. ) & ವಿಟಮಿನ್ ಗಳ ಕೊರತೆಯಿಂದಾಗಿ  ನಿಮ್ಮ ಹಸುವಿನ ಚರ್ಮದ ಮೇಲ್ಮೈ ಮತ್ತು ಕೂದಲುಗಳು ತುಂಬಾ ಒರಟಾಗಿರುವುದು ಕಂಡುಬಂದಿರುತ್ತದೆ.","Feed Dairy Fortune 300 Grams Daily in a Concentrate feed/TMR ration, a unique and Complete feed suppliment solution for Dairy Cow.","डेयरी फॉर्च्यून को गाय के खाने (कंसंट्रेट फ़ीड या टीएमआर राशन) में रोज़ 300 ग्राम मिलाकर खिलाएं। यह गायों के लिए एक खास और पूरा पोषण देने वाला आहार है, जो उनके सेहत के लिए फायदेमंद है।","ಡೈರಿ ಫಾರ್ಚ್ಯೂನ್ (Dairy Fortune) 300 ಗ್ರಾಂ ಪುಡಿಯನ್ನು ಪಶುಆಹಾರ / TMR ಫೀಡ್ ನಲ್ಲಿ ಪ್ರತಿದಿನ ಹಸುವಿಗೆ ನೀಡುವುದರಿಂದ, ಹಸುವಿನ ಚರ್ಮದ ನುಣುಪು ಹೆಚ್ಚುವುದರ ಜೊತೆಗೆ ಹೆಚ್ಚಿನ ಹಾಲಿನ ಇಳುವರಿ & ಹಸುವಿನ ಉತ್ತಮ ಆರೋಗ್ಯಕ್ಕೆ ಸಹಕಾರಿಯಾಗಿದೆ."
None,None,None,None,None,None,None,Skin-Coat-Moderately-Rough,None,None,None,None,None,None,None,Physical Check required,Fair,May be due to moderate deficiency in Multi Minerals and high deficiency in micro minerals and multi vitamins.,"यह समस्या तब हो सकती है जब मल्टी मिनरल्स की कमी थोड़ी हो, लेकिन माइक्रो मिनरल्स और मल्टी विटामिन्स की कमी ज्यादा हो।","ಅಲ್ಪ ಪ್ರಮಾಣದ ಮಲ್ಟಿ ಮಿನರಲ್ಸ್(ಖನಿಜಗಳಾದ Copper, zinc, Selenium etc..  ) & ವಿಟಮಿನ್ ಗಳ ಕೊರತೆಯಿಂದಾಗಿ  ನಿಮ್ಮ ಹಸುವಿನ ಚರ್ಮದ ಮೇಲ್ಮೈ ಒರಟಾಗಿರುವುದು ಕಂಡುಬಂದಿರುತ್ತದೆ.","Feed Dairy Fortune 300 Grams Daily in a Concentrate feed/TMR ration, a unique and healthy Dairy Cow feeding solution OR Feed 70-100g of multi-mineral and vitamin mix daily as per veterinarians advice.","डेयरी फॉर्च्यून को गाय के खाने (कंसंट्रेट फ़ीड या टीएमआर राशन) में रोज़ 300 ग्राम मिलाकर खिलाएं। यह गायों के लिए एक खास और पूरा पोषण देने वाला आहार है । या पशुचिकित्सकों की सलाह के अनुसार, रोज़ 70-100 ग्राम मल्टी-मिनरल और विटामिन का मिश्रण खिलाएं।","ಡೈರಿ ಫಾರ್ಚ್ಯೂನ್ (Dairy Fortune) 300 ಗ್ರಾಂ ಪುಡಿಯನ್ನು ಪಶುಆಹಾರ / TMR ಫೀಡ್ ನಲ್ಲಿ ಪ್ರತಿದಿನ ಹಸುವಿಗೆ ನೀಡುವುದರಿಂದ, ಹಸುವಿನ ಚರ್ಮದ ನುಣುಪು ಹೆಚ್ಚುವುದರ ಜೊತೆಗೆ ಹೆಚ್ಚಿನ ಹಾಲಿನ ಇಳುವರಿ & ಹಸುವಿನ ಉತ್ತಮ ಆರೋಗ್ಯಕ್ಕೆ ಸಹಕಾರಿಯಾಗಿದೆ. ಅಥವಾ ಪಶುವೈದ್ಯರ ಸಲಹೆ ಮೇರೆಗೆ ಮಿನರಲ್ ಮಿಶ್ರಣವನ್ನು 70 -100 ಗ್ರಾಂ ಪ್ರತಿದಿನ ನೀಡಬಹುದು."
None,None,None,None,None,None,None,Skin-Coat-Shiny,None,None,None,None,None,None,None,YES,Good,Your animal is regularly receiving multi minerals and vitamins from feed and grazing,आपका जानवर नियमित रूप से चारे और चराई से कई तरह के मिनरल और विटामिन प्राप्त कर रहा है।,ನೀವು ಪೂರೈಸುತ್ತಿರುವ ಮೇವು & ಪಶುಆಹಾರದಲ್ಲಿ ಹಸುವಿಗೆ ಬೇಕಾದ ಮಲ್ಟಿ ಮಿನರಲ್ಸ್ & ವಿಟಮಿನ್ ಗಳು ದೊರಕುತ್ತಿವೆ ಮತ್ತು ನಿಮ್ಮ ಹಸುವಿಗೆ ಸರಿಯಾದ ಸಮಯಕ್ಕೆ ಜಂತು ನಾಶಕ ಔಷಧಿಯನ್ನು ನೀಡುತ್ತಿದ್ದೀರಿ. ಈ ಕ್ರಮಗಳನ್ನು ಮುಂದುವರಿಸಿ.   ,"Continue current feeding/grazing practices to ensure adequate minerals and vitamins OR For better health and milk production, Feed Dairy Fortune 300 Grams Daily in concentrate feed /TMR, a unique Dairy Cow feeding solution","जरूरी मिनरल और विटामिन मिलने के लिए अभी जो आहार या चराई की जा रही है, उसे जारी रखें। या फिर, बेहतर सेहत और दूध देने के लिए रोज़ाना 300 ग्राम डेयरी फॉर्च्यून को कॉन्सेंट्रेट फ़ीड या टीएमआर में मिलाकर खिलाएं। यह गायों के लिए एक खास और पूरा पोषण देने वाला आहार  है। ","ಪ್ರಸ್ತುತ ಕ್ರಮಗಳನ್ನು ಪಾಲಿಸುವುದರ ಜೊತೆಗೆ  ಡೈರಿ ಫಾರ್ಚ್ಯೂನ್ (Dairy Fortune) 300 ಗ್ರಾಂ ಪುಡಿಯನ್ನು ಪಶುಆಹಾರ / TMR ಫೀಡ್ ನಲ್ಲಿ ಪ್ರತಿದಿನ ಹಸುವಿಗೆ ನೀಡುವುದರಿಂದ, ಹಸುವಿನ ಚರ್ಮದ ನುಣುಪು ಹೆಚ್ಚುವುದರ ಜೊತೆಗೆ ಹೆಚ್ಚಿನ ಹಾಲಿನ ಇಳುವರಿ & ಹಸುವಿನ ಉತ್ತಮ ಆರೋಗ್ಯಕ್ಕೆ ಸಹಕಾರಿಯಾಗಿದೆ."
None,None,None,None,None,Horn-Present,None,None,None,None,None,None,None,None,None,N/A,N/A,This animal may Hurt other Cows by fighing or Because of Bad Vices Cow may bump into other people/Farmer.,"यह जानवर लड़ाई करके दूसरी गायों को नुकसान पहुंचा सकता है, या फिर दूसरों  से  टकरा  कर यह अन्य लोगों या किसानों को भी नुकसान पहुंचा सकता है।",ಕೊಂಬು ಇರುವ ಹಸುವು ಬೇರೆ  ಹಸುಗಳೊಂದಿಗೆ  ಜಗಳವಾಡಬಹುದು / ಕೊಂಬಿನಿಂದ ತಿವಿದು ಬೇರೆ ಹಸುಗಳಿಗೆ/ ರೈತರಿಗೆ ಗಂಭೀರ ಗಾಯಗಳನ್ನು ಉಂಟು ಮಾಡಿ ನೋಯಿಸಬಹುದು.,"Follow disbudding protocols for her calf by electric disbudder or chemical solution, with Locally avilable Veterinary Doctor or Silo Fortune Veterinary Doctor.","स्थानीय रूप से उपलब्ध जानवरों के डॉक्टर या साइलो फॉर्च्यून जानवरों के डॉक्टर के साथ मिलकर, उसके बछड़े के लिए इलेक्ट्रिक डिस्बडर या केमिकल के जरिए सींग हटाने के नियमों का पालन करें।",ಹಸುವಿನ  ಕರುಗಳಿಗೆ ಕೊಂಬು ಬೇಡವೆಂದರೆ ಹುಟ್ಟಿದ ಒಂದು ತಿಂಗಳೊಳಗೆ ಕೊಂಬಿನ ಬುಡವನ್ನು ಸ್ಥಳೀಯ ಪಶುವೈದ್ಯರ / ಸೈಲೋ ಫಾರ್ಚ್ಯೂನ್ ಪಶುವೈದ್ಯರ  ಸಹಾಯದಿಂದ Electric Disbudding or Chemical Disbudding  ಮುಖಾಂತರ ಸುಡಿಸಬಹುದು.
None,None,None,None,None,Horn-Polled,None,None,None,None,None,None,None,None,None,N/A,N/A,Cow will be friendly with Other Cows & Farmers,गाय दूसरी गायों और किसानों के साथ दोस्ताना व्यवहार करेगी।,ಬೋಡಿ ಹಸುಗಳು ಇತರೆ ಹಸುಗಳೊಂದಿಗೆ ಮತ್ತು ರೈತರ ಜೊತೆಗೆ ಸಾಧುವಂತೆ ವರ್ತಿಸುತ್ತದೆ,"Good,You're following disbudding protocols. Choose electric disbudding or chemical disbudding with the help of a local veterinary doctor or a Silo Fortune veterinary doctor",अच्छा है कि आप सींग हटाने के नियमों का पालन कर रहे हैं। स्थानीय पशु चिकित्सक या साइलो फॉर्च्यून पशु चिकित्सक की मदद से इलेक्ट्रिक डिस्बडिंग या केमिकल डिस्बडिंग में से एक चुनें।,ನಿಮ್ಮ ಹಸುವಿನ ಕೊಂಬನ್ನು ಸುಡಿಸುವ ಕ್ರಮವನ್ನು ಪಾಲಿಸುತ್ತಿದ್ದೀರಿ. ಕರುಗಳಿಗೆ ಕೊಂಬು ಬೇಡವೆಂದರೆ ಹುಟ್ಟಿದ ಒಂದು ತಿಂಗಳೊಳಗೆ ಕೊಂಬಿನ ಬುಡವನ್ನು ಸ್ಥಳೀಯ ಪಶುವೈದ್ಯರ / ಸೈಲೋ ಫಾರ್ಚ್ಯೂನ್ ಪಶುವೈದ್ಯರ  ಸಹಾಯದಿಂದ Electric Disbudding or Chemical Disbudding  ಮುಖಾಂತರ ಸುಡಿಸಬಹುದು.
None,None,None,None,None,None,None,None,None,None,Worm-Load-Pot-Belly-Present,None,None,None,None,NO,Poor,"Indicates possible infestation of animal by roundworms, tapeworms, or flatworms through grazing or contaminated fodder.","चराई या खराब चारे से राउंडवॉर्म, टेपवर्म या फ्लैटवर्म के कारण जानवर में  बीमारी होने की संभावना होती है।",ಮೇವು ಅಥವಾ ಕಲುಷಿತ ನೀರಿನ ಮುಖಾಂತರ ನಿಮ್ಮ ಹಸುವಿನಲ್ಲಿ ಜಂತುಗಳಾದ ದುಂಡು ಹುಳು/ ಚಪ್ಪಟೆ ಹುಳುಗಳ ಬಾದೆ ಇರಬಹುದೆಂದು ಕಂಡುಬಂದಿರುತ್ತದೆ.,Your animal may need immediate Deworming Medicine. Contact a local Veterinary Doctor or Silo Fortune Veterinary Doctor for selecting  better deworming medicine.,आपके जानवर को तुरंत कीड़े मारने वाली दवा की जरूरत हो सकती है। बेहतर दवा चुनने के लिए स्थानीय पशु चिकित्सक या साइलो फॉर्च्यून पशु चिकित्सक से सलाह लें।,ನಿಮ್ಮ ಹಸುವಿಗೆ  ತಕ್ಷಣದ ಜಂತುಹುಳು ನಿವಾರಕ ಔಷಧಿ (Deworming Medicine) ಬೇಕಾಗಬಹುದು. ಉತ್ತಮ  ಜಂತುಹುಳು ನಿವಾರಕ ಔಷಧವನ್ನು ಆಯ್ಕೆ ಮಾಡಲು ಸ್ಥಳೀಯ ಪಶುವೈದ್ಯರು ಅಥವಾ ಸೈಲೋ  ಫಾರ್ಚೂನ್ ಪಶುವೈದ್ಯರನ್ನು ಸಂಪರ್ಕಿಸಿ.
None,None,None,None,None,None,None,None,None,None,Worm-Load-Moderate,None,None,None,None,Physical Check required,Fair,"Indicates possible infestation of animal by Round worm/Tape worm/Flat worm during grazing or by Vector contaminated fodder. You may be doing irregular Deworming, incorrect Deworming medication, or underdosing Deworming medicine.","चराई के दौरान राउंडवर्म, टेपवर्म, फ्लैटवर्म या वेक्टर दूषित चारे से जानवर के बीमार  होने की संभावना है। हो सकता है कि आप अनियमित रूप से कीड़े मारने की दवा दे रहे हों, गलत दवा का इस्तेमाल कर रहे हों, या दवा की खुराक कम दे रहे हों।", ಮೇವು ಅಥವಾ ಕಲುಷಿತ ನೀರಿನ ಮುಖಾಂತರ ನಿಮ್ಮ ಹಸುವಿನಲ್ಲಿ ಜಂತುಗಳಾದ ದುಂಡು ಹುಳು/ ಚಪ್ಪಟೆ ಹುಳುಗಳ ಬಾದೆ ಇರಬಹುದೆಂದು ಕಂಡುಬಂದಿರುತ್ತದೆ. ಅಥವಾ ನೀವು ಕೊಡುತ್ತಿರುವ ಜಂತುನಾಶಕ ಔಷಧಿ/ ಔಷಧಿಯ ಪ್ರಮಾಣದಲ್ಲಿ ವ್ಯತ್ಯಯ ಇರಬಹುದು. ,Your animal may need the Right deworming medicine in required dose. Contact a local Veterinary Doctor or Silo Fortune Veterinary Doctor for the Selecting better Deworming Medicine.,आपके जानवर को जरूरी मात्रा में उचित कीड़े मारने वाली दवा की जरूरत हो सकती है। बेहतर दवा चुनने के लिए स्थानीय पशु चिकित्सक या साइलो फॉर्च्यून पशु चिकित्सक से सलाह लें।,ನಿಮ್ಮ ಹಸುವಿಗೆ  ಅಗತ್ಯವಿರುವ ಪ್ರಮಾಣದಲ್ಲಿ ಸರಿಯಾದ ಜಂತುಹುಳು ನಿವಾರಕ ಔಷಧಿ (Deworming Medicine) ಬೇಕಾಗಬಹುದು. ಉತ್ತಮ ಜಂತುಹುಳು ನಿವಾರಕ ಔಷಧವನ್ನು ಆಯ್ಕೆ ಮಾಡಲು ಸ್ಥಳೀಯ ಪಶುವೈದ್ಯರನ್ನು ಅಥವಾ ಸೈಲೋ ಫಾರ್ಚೂನ್ ಪಶುವೈದ್ಯರನ್ನು ಸಂಪರ್ಕಿಸಿ.
None,None,None,None,None,None,None,None,None,None,Worm-Load-No,None,None,None,None,YES,Good,Indicates that You are following Deworming Protocols regularly & Animal Grazing area or Fodder less prone to Worm generating Vectors.,यह बताता है कि आप रोजाना तौर  से कीड़े मारने के तरीके का पालन कर रहे हैं और पशु चरागाह या चारे में कीड़े पैदा करने वाले कीड़ों की संभावना कम है।,ನೀವು ಕಾಲಕಾಲಕ್ಕೆ  ಜಂತುನಾಶಕ ಔಷಧಿ ನೀಡುವ ಕ್ರಮಗಳನ್ನು ಪಾಲಿಸುತ್ತಿರುವಿರಿ  ಮತ್ತು ಪ್ರಾಣಿಗಳನ್ನ ಮೇಯಿಸುವ ಪ್ರದೇಶ ಅಥವಾ ಮೇವು ಉತ್ಪಾದಿಸುವ ತೋಟ ಜಂತು ಹುಳುಗಳಿಂದ ಮುಕ್ತವಾಗಿರಬಹುದು. ,"Follow the same deworming protocols. For Better Deworming Medicine or for periodic Dewormer rotation , contact a local vet or Silo Fortune vet.","रोजाना तरीके से कीड़े मारने वाले नियमों का पालन पालन करें। अच्छी कीड़े मारने वाली दवा या समय-समय पर दवा बदलने के लिए,  स्थानीय पशु चिकित्सक या साइलो फॉर्च्यून पशु चिकित्सक से सलाह लें। ",ಈಗ ಪಾಲಿಸುತ್ತಿರುವ ಜಂತುನಾಶಕ ಔಷಧಿ (Deworming Medicine) ಕ್ರಮಗಳನ್ನು ಮುಂದುವರಿಸಿ (ಪ್ರತಿ 3 ರಿಂದ 4 ತಿಂಗಳಿಗೊಮ್ಮೆ) ಅಥವಾ ನಿಮ್ಮ ಹಸುವಿಗೆ  ಅಗತ್ಯವಿರುವ ಪ್ರಮಾಣದಲ್ಲಿ ಸರಿಯಾದ ಜಂತುಹುಳು ನಿವಾರಕ ಔಷಧಿ ಬೇಕಾಗಬಹುದು. ಉತ್ತಮ ಜಂತುಹುಳು ನಿವಾರಕ ಔಷಧವನ್ನು ಆಯ್ಕೆ ಮಾಡಲು ಸ್ಥಳೀಯ ಪಶುವೈದ್ಯರನ್ನು ಅಥವಾ ಸೈಲೋ ಫಾರ್ಚೂನ್ ಪಶುವೈದ್ಯರನ್ನು ಸಂಪರ್ಕಿಸಿ.
None,None,None,None,None,None,Udder-Small-Tight,None,None,None,None,None,None,None,None,Physical Check required,N/A,This indicates that Animal may in Heifer Stage or Dry Cow stage. In Draught breed its common type.,इससे पता चलता है कि जानवर बछिया अवस्था या सूखी गाय की अवस्था में हो सकता है। ड्राफ्ट नस्ल में यह सामान्य होता है।,ಪ್ರಾಣಿಯು ಪಡ್ಡೆ/ಮೊಣಕ ದ ಹಂತ ಅಥವಾ ಒಣ ಹಸು(Dry Cow) ಹಂತದಲ್ಲಿರುವಾಗ ಕೆಚ್ಚಲು ಈ ರೀತಿ  ಸಣ್ಣದಾಗಿರುತ್ತದೆ. ಉಳುಮೆಗೆ ಬಳಸುವ ದೇಶಿಯ ಹಸುಗಳಲ್ಲಿ ಸಾಮಾನ್ಯವಾಗಿ ಈ ವಿಧದ ಕೆಚ್ಚಲು ಕಂಡುಬರುತ್ತದೆ.,"If the animal is Heifer, Feed her as per Diet recommendations for better udder growth.","यदि जानवर बछिया है, तो  थन के बेहतर विकास के लिए उसे आहार के अनुसार खाना दें।",ಈ ಪ್ರಾಣಿಯು ಪಡ್ಡೆ/ಮೊಣಕ ದ ಹಂತದಲ್ಲಿದ್ದರೆ ಉತ್ತಮ ಕೆಚ್ಚಲಿನ ಬೆಳವಣಿಗೆಗಾಗೇ ಕೆಳಗೆ ಸೂಚಿಸಿದ ಉತ್ತಮ ಆಹಾರ ಕ್ರಮಗಳನ್ನು ಪಾಲಿಸಬೇಕು. 
None,None,None,None,None,None,Udder-Compact,None,None,None,None,None,None,None,None,YES,N/A,Udder attached in a compact manner to the Ventral region above the Hock joint indicates Good Type of Udder & Less prone for Mastitis and Injury,हॉक जोड़ के ऊपर वेंट्रल क्षेत्र से मजबूती से जुड़ा हुआ थन अच्छा होता है और इससे मास्टिटिस और चोट लगने की संभावना कम होती है।,"ಈ ವಿಧದಲ್ಲಿ ಕೆಚ್ಚಲು ಕೆಳಹೊಟ್ಟೆಗೆ ಅಡಕವಾಗಿ ಅಂಟಿಕೊಂಡಿರುತ್ತದೆ, ಕೆಚ್ಚಲು ಬಾವು ಬಾದೆ ಈ ತರಹದ ಕೆಚ್ಚಲಿನಲ್ಲಿ ಕಡಿಮೆ ಇರುತ್ತದೆ ಹಾಗಾಗಿ ಉತ್ತಮ ಕೆಚ್ಚಲಿನ ವಿಧಕ್ಕೆ ಉದಾಹರಣೆಯಾಗಿದೆ. ",Good type of udder.To prevent Mastitis Use Teat Dips after Morning & Evening Milking.  Sol. V-Dip 500ml-1 .Regulary Check Subclinical Mastitis by CMT test. Sol. V-CMT 500ml-1,"पशु के अच्छे प्रकार के थन हैं। मास्टिटिस को रोकने के लिए, सुबह और शाम दूध देने के बाद टीट डिप्स का उपयोग करें। इसके लिए सोल. वी-डिप 500 मिली-1 का इस्तेमाल करें । सबक्लिनिकल मास्टिटिस की नियमित जांच करने के लिए सीएमटी परीक्षण कराएं , जिसके लिए सोल. वी-सीएमटी 500 मिली-1 का उपयोग करें।","ಅಡಕ ಕೆಚ್ಚಲು ಉತ್ತಮ ರೀತಿಯ ಕೆಚ್ಚಲಿನ ವಿಧ. ಕೆಚ್ಚಲು ಬಾವು ಸಮಸ್ಯೆ ತಡೆಗಟ್ಟಲು ಬೆಳಿಗ್ಗೆ ಮತ್ತು ಸಂಜೆ ಹಾಲು ಕರೆದ  ನಂತರ ಕೆಚ್ಚಲಿನ ತೊಟ್ಟು ಗಳಿಗೆ  Teat  Dip ದ್ರಾವಣವನ್ನು ಬಳಸಿ.  Sol. V-Dip 500ml-1.ಹಾಲಿನ CMT ಪರೀಕ್ಷೆಯ ಮೂಲಕ ಕೆಚ್ಚಲಿನಲ್ಲಿರುವ ಅಗೋಚರ/ಗುಪ್ತ ಕೆಚ್ಚಲು ಬಾವು ವನ್ನು  ತಿಂಗಳಿಗೊಮ್ಮೆ ಪರಿಶೀಲಿಸಿ, ಪಶುವೈದ್ಯರ ಸಲಹೆ ಪಡೆಯಿರಿ.  Sol. V-CMT 500ml-1"
None,None,None,None,None,None,Udder-Moderately-Pendulous,None,None,None,None,None,None,None,None,YES,N/A,"Intermediate stage between Compact udder or Pendulous udder, They are more prone for mastitis & Udder injury",मजबूत थन और लटकते थन के बीच का बीच वाले चरण में मास्टिटिस और थन की चोट लगने की संभावना अधिक होती है।,ಈ ವಿಧವು ಅಡಕ ಕೆಚ್ಚಲು  ಅಥವಾ ಜೋಲು  ಕೆಚ್ಚಲು ನಡುವಿನ ಮಧ್ಯಂತರ ಹಂತ. ಈ ವಿಧದ ಕೆಚ್ಚಲು ಆಗಿಂದಾಗ್ಗೆ  ಕೆಚ್ಚಲು ಬಾವುನಿಂದ ಬಳಲುತ್ತಿರುತ್ತವೆ.,To prevent Mastitis regularly use Teat Dips using Sol. V-Dip (500 ml) after morning and evening milking. Regularly Check Subclinical Mastitis by CMT test using Sol. V-CMT (500 ml) .To Cure CMT positive Cow Daily feed Pow. Mastigo-50 Grams for 1 week.,मास्टिटिस को रोकने के लिए सुबह और शाम दूध देने के बाद नियमित रूप से सोल वी-डिप (500 मिली) द्वारा टीट डिप्स का उपयोग करें। सोल  वी-सीएमटी (500 मिली) का उपयोग करके सीएमटी परीक्षण द्वारा नियमित रूप से सबक्लिनिकल मास्टिटिस की जाँच करें। सीएमटी पॉजिटिव गाय को ठीक करने के लिए प्रतिदिन पाउडर मास्टिगो - 50 ग्राम 1 सप्ताह के लिए दें ।,"ಕೆಚ್ಚಲು ಬಾವು ಸಮಸ್ಯೆ ತಡೆಗಟ್ಟಲು ಬೆಳಿಗ್ಗೆ ಮತ್ತು ಸಂಜೆ ಹಾಲು ಕರೆದ  ನಂತರ ಕೆಚ್ಚಲಿನ ತೊಟ್ಟು ಗಳಿಗೆ  Teat  Dip ದ್ರಾವಣವನ್ನು ಬಳಸಿ.  Sol. V-Dip 500ml-1.ಹಾಲಿನ CMT ಪರೀಕ್ಷೆಯ ಮೂಲಕ ಕೆಚ್ಚಲಿನಲ್ಲಿರುವ ಅಗೋಚರ/ಗುಪ್ತ ಕೆಚ್ಚಲು ಬಾವು ವನ್ನು  ತಿಂಗಳಿಗೊಮ್ಮೆ ಪರಿಶೀಲಿಸಿ, ಪಶುವೈದ್ಯರ ಸಲಹೆ ಪಡೆಯಿರಿ.  Sol. V-CMT 500ml-1. ಗುಪ್ತ ಕೆಚ್ಚಲು ಬಾವು Positive ಬರುವ ಹಸುಗಳಿಗೆ Pow.Mastigo 50 ಗ್ರಾಂ ನ್ನು ಪ್ರತಿದಿನ ಒಂದು ವಾರಗಳ ಕಾಲ ನೀಡಬೇಕು.                                                                                                        "
None,None,None,None,None,None,Udder-Pendulous,None,None,None,None,None,None,None,None,Physical Check required,N/A,"Loose udder attachment to the Ventral region is noticed, causing udder to hit the legs while walking and drop near the floor upon calving,Highly prone for Mastitis and injury.","वेंट्रल क्षेत्र से थन का ढीला जुड़ाव देखा गया है, जिससे चलते समय थन पैरों से टकराता है और ब्याने के बाद फर्श से छूता है, जिससे मास्टिटिस और चोट लगने की बहुत संभावना होती है।","ಈ ವಿಧದ ಜೋಲು  ಕೆಚ್ಚಲು, ಕೆಳಹೊಟ್ಟೆಗೆ ಸಡಿಲವಾಗಿ ಅಂಟಿಕೊಂಡಿರುತ್ತದೆ ಮತ್ತು ಹಸು ನಡೆದಾಡುವಾಗ ಒಂದು ಕಾಲಿಂದ ಮತ್ತೊಂದು ಕಾಲಿಗೆ ಜೋಲು ಹೊಡೆಯುವ ರೀತಿ ಕಂಡುಬರುತ್ತದೆ. ಈ ಹಸುವು ಕರು ಹಾಕಿದಾಗ ಕೆಚ್ಚಲು ಮೊಣಕಾಲಿನಿಂದ ಕೆಳಗೆ ಜೋತು ಬೀಳುತ್ತದೆ ಮತ್ತು ಹೆಚ್ಚಿನ ಪ್ರಮಾಣದಲ್ಲಿ ಕೆಚ್ಚಲು ಬಾವು & ತೊಟ್ಟುಗಳು ಒಡೆದು ಗಾಯವಾಗುವ ಸಾಧ್ಯತೆ ಇರುತ್ತದೆ.","If you are a buyer, avoid purchasing this type of cow. As a farmer, prioritize this cow for culling.To prevent Mastitis regularly use Teat Dips using Sol. V-Dip (500 ml) after morning and evening milking. Regularly Check Subclinical Mastitis by CMT test using Sol. V-CMT (500 ml) .To Cure CMT positive Cow Daily feed Pow. Mastigo-50 Grams for 1 week.","अगर आप खरीदार हैं, तो इस तरह की गाय खरीदने से बचें। अगर आप किसान हैं, तो इस गाय को त्यागने या मारने पर विचार करें। मास्टिटिस को रोकने के लिए, सुबह और शाम दूध देने के बाद नियमित रूप से सोल वी-डिप (500 मिली) से टीट डिप्स का उपयोग करें। सोल का उपयोग करके सीएमटी परीक्षण द्वारा नियमित रूप से सबक्लिनिकल मास्टिटिस की जांच करें। सीएमटी पॉजिटिव गाय को ठीक करने के लिए, प्रतिदिन 50 ग्राम मास्टिगो पाउडर 1 सप्ताह तक दें।","ನೀವು ಖರೀದಿದಾರರಾಗಿದ್ದರೆ ಈ ತರಹದ ಕೆಚ್ಚಲಿನ ಹಸು ಖರೀದಿಯನ್ನು ತಡೆಹಿಡಿಯಿರಿ. ನಿಮ್ಮ ಫಾರ್ಮ್ ನಲ್ಲಿ ಈ ತರಹದ ಹಸು ಇದ್ದರೆ, ಮುಂಬರುವ ಸಮಸ್ಯೆಯನ್ನು ತಪ್ಪಿಸಲು ಸೂಕ್ತ ಕ್ರಮ ಕೈಗೊಳ್ಳಿ.ಕೆಚ್ಚಲು ಬಾವು ಸಮಸ್ಯೆ ತಡೆಗಟ್ಟಲು ಬೆಳಿಗ್ಗೆ ಮತ್ತು ಸಂಜೆ ಹಾಲು ಕರೆದ  ನಂತರ ಕೆಚ್ಚಲಿನ ತೊಟ್ಟು ಗಳಿಗೆ  Teat  Dip ದ್ರಾವಣವನ್ನು ಬಳಸಿ.  Sol. V-Dip 500ml-1. ಹಾಲಿನ CMT ಪರೀಕ್ಷೆಯ ಮೂಲಕ ಕೆಚ್ಚಲಿನಲ್ಲಿರುವ ಅಗೋಚರ/ಗುಪ್ತ ಕೆಚ್ಚಲು ಬಾವು ವನ್ನು  ತಿಂಗಳಿಗೊಮ್ಮೆ ಪರಿಶೀಲಿಸಿ, ಪಶುವೈದ್ಯರ ಸಲಹೆ ಪಡೆಯಿರಿ.  Sol. V-CMT 500ml-1. ಗುಪ್ತ ಕೆಚ್ಚಲು ಬಾವು Positive ಬರುವ ಹಸುಗಳಿಗೆ Pow.Mastigo 50 ಗ್ರಾಂ ನ್ನು ಪ್ರತಿದಿನ ಒಂದು ವಾರಗಳ ಕಾಲ ನೀಡಬೇಕು.                                                                                                       "
None,None,None,None,None,None,Udder-Balloon-Shaped,None,None,None,None,None,None,None,None,NO,N/A,"Very loose udder attachment to the Ventral region due to weak suspensory ligament, causing udder to hit the legs while walking and drop near the floor upon calving, leading to walking difficulties and a high risk of mastitis and injury.","कमजोर सस्पेंसरी लिगामेंट के कारण वेंट्रल क्षेत्र से थन का लगाव बहुत ढीला हो जाता है, जिससे चलते समय थन पैरों से टकराता है और ब्याने के समय फर्श से छूता है। इससे चलने में कठिनाई होती है और मास्टिटिस तथा चोट लगने का खतरा बढ़ जाता है।","ಈ ವಿಧದ ಗಂಟೆ  ಕೆಚ್ಚಲು, ಕೆಳಹೊಟ್ಟೆಗೆ ದುರ್ಭಲವಾಗಿ & ಸಡಿಲವಾಗಿ ಅಂಟಿಕೊಂಡಿರುತ್ತದೆ ಮತ್ತು ಹಸು ನಡೆದಾಡುವಾಗ ಒಂದು ಕಾಲಿಂದ ಮತ್ತೊಂದು ಕಾಲಿಗೆ ಜೋಲು ಹೊಡೆಯುವ ರೀತಿ ಕಂಡುಬರುತ್ತದೆ. ಈ ಹಸುವು ಕರು ಹಾಕಿದಾಗ ಕೆಚ್ಚಲು ಮೊಣಕಾಲಿನಿಂದ ಕೆಳಗೆ ಜೋತು ಬೀಳುತ್ತದೆ, ನೆಲಕ್ಕೆ ಮುಟ್ಟುತ್ತದೆ, ಹಸು ಎದ್ದು ನಡೆಯಲು ತುಂಬಾ ಕಷ್ಟಪಡುತ್ತದೆ ಮತ್ತು ಪದೇ ಪದೇ  ಕೆಚ್ಚಲು ಬಾವು & ತೊಟ್ಟುಗಳು ಒಡೆದು ಗಾಯಗಳಾಗುವ ಸಾಧ್ಯತೆ ಇರುತ್ತದೆ. ","If you are a buyer, avoid purchasing this type of cow. As a farmer, prioritize this cow for culling.To prevent Mastitis regularly use Teat Dips using Sol. V-Dip (500 ml) after morning and evening milking. Regularly Check Subclinical Mastitis by CMT test using Sol. V-CMT (500 ml) .To Cure CMT positive Cow Daily feed Pow. Mastigo-50 Grams for 1 week.","अगर आप खरीदार हैं, तो इस तरह की गाय खरीदने से बचें। अगर आप किसान हैं, तो इस गाय को छोड़ने या मारने पर विचार करें। मास्टिटिस को रोकने के लिए, सुबह और शाम दूध देने के बाद नियमित रूप से सोल वी-डिप (500 मिली) से टीट डिप्स का उपयोग करें। सोल का उपयोग करके सीएमटी परीक्षण द्वारा नियमित रूप से सबक्लिनिकल मास्टिटिस की जांच करें। सीएमटी पॉजिटिव गाय को ठीक करने के लिए, प्रतिदिन 50 ग्राम मास्टिगो पाउडर 1 सप्ताह तक दें।","ನೀವು ಖರೀದಿದಾರರಾಗಿದ್ದರೆ ಈ ತರಹದ ಕೆಚ್ಚಲಿನ ಹಸು ಖರೀದಿಯನ್ನು ತಡೆಹಿಡಿಯಿರಿ. ನಿಮ್ಮ ಫಾರ್ಮ್ ನಲ್ಲಿ ಈ ತರಹದ ಹಸು ಇದ್ದರೆ, ಮುಂಬರುವ ಸಮಸ್ಯೆಯನ್ನು ತಪ್ಪಿಸಲು ಸೂಕ್ತ ಕ್ರಮ ಕೈಗೊಳ್ಳಿ.ಕೆಚ್ಚಲು ಬಾವು ಸಮಸ್ಯೆ ತಡೆಗಟ್ಟಲು ಬೆಳಿಗ್ಗೆ ಮತ್ತು ಸಂಜೆ ಹಾಲು ಕರೆದ  ನಂತರ ಕೆಚ್ಚಲಿನ ತೊಟ್ಟು ಗಳಿಗೆ  Teat  Dip ದ್ರಾವಣವನ್ನು ಬಳಸಿ.  Sol. V-Dip 500ml-1.ಹಾಲಿನ CMT ಪರೀಕ್ಷೆಯ ಮೂಲಕ ಕೆಚ್ಚಲಿನಲ್ಲಿರುವ ಅಗೋಚರ/ಗುಪ್ತ ಕೆಚ್ಚಲು ಬಾವು ವನ್ನು  ತಿಂಗಳಿಗೊಮ್ಮೆ ಪರಿಶೀಲಿಸಿ, ಪಶುವೈದ್ಯರ ಸಲಹೆ ಪಡೆಯಿರಿ.  Sol. V-CMT 500ml-1.  ಗುಪ್ತ ಕೆಚ್ಚಲು ಬಾವು Positive ಬರುವ ಹಸುಗಳಿಗೆ Pow.Mastigo 50 ಗ್ರಾಂ ನ್ನು ಪ್ರತಿದಿನ ಒಂದು ವಾರಗಳ ಕಾಲ ನೀಡಬೇಕು.                                                                                                      "
None,None,None,None,None,None,None,None,None,Teat-Score-9,None,None,None,None,None,N/A,N/A,Teat Size is Very small & Symmetrical,निप्पलों का आकार बहुत छोटा और एक दूसरे के बराबर होता है।,ಕೆಚ್ಚಲಿನ ತೊಟ್ಟು ಗಳ ಗಾತ್ರವು ತುಂಬಾ ಚಿಕ್ಕದಾಗಿರುತ್ತದೆ & 4 ತೊಟ್ಟುಗಳು ಸಮಾನವಾಗಿರುತ್ತವೆ.,Indicates Average Milking Capacity,यह औसत दूध देने की क्षमता को दर्शाता है।,"ಈ ರೀತಿಯ ಕೆಚ್ಚಲಿನ ತೊಟ್ಟುಗಳು, ಸರಾಸರಿ ಕಡಿಮೆ / ಮಧ್ಯಮ ಪ್ರಮಾಣದ ಹಾಲು ಕರೆಯುವ ಸಾಮರ್ಥ್ಯವನ್ನು ಸೂಚಿಸುತ್ತದೆ. "
None,None,None,None,None,None,None,None,None,Teat-Score-7,None,None,None,None,None,N/A,N/A,Teat Size is Small & Symmetrical,निप्पलों का आकार छोटा और एक दूसरे के बराबर होता है।,ಕೆಚ್ಚಲಿನ ತೊಟ್ಟು ಗಳ ಗಾತ್ರವು ಚಿಕ್ಕದಾಗಿರುತ್ತದೆ & 4 ತೊಟ್ಟುಗಳು ಸಮಾನವಾಗಿರುತ್ತವೆ.,"Indicates they are Good Milkers, Use Teat Dips to prevent mastitis","यह दर्शाता है कि वे अच्छे दूध देने वाले हैं, मास्टिटिस को रोकने के लिए टीट डिप्स का उपयोग करें। ","ಈ ರೀತಿಯ ಕೆಚ್ಚಲಿನ ತೊಟ್ಟುಗಳು, ಸರಾಸರಿ ಮಧ್ಯಮ ಪ್ರಮಾಣದ  ಹಾಲು ಕರೆಯುವ ಸಾಮರ್ಥ್ಯವನ್ನು ಸೂಚಿಸುತ್ತದೆ & Teat Dip ದ್ರಾವಣವನ್ನು ಕಡ್ಡಾಯವಾಗಿ ಉಪಯೋಗಿಸಿ."
None,None,None,None,None,None,None,None,None,Teat-Score-5,None,None,None,None,None,N/A,N/A,Teat Size is Intermediate in length & Still have Symmetry,निप्पलों का आकार लंबाई में ना ज्यादा बड़ा है ना छोटा है और अभी भी एक दूसरे के बराबर है।,ಕೆಚ್ಚಲಿನ ತೊಟ್ಟು ಗಳ  ಗಾತ್ರವು ಸ್ವಲ್ಪ ಉದ್ದವಾಗಿರುತ್ತವೆ  & 4 ತೊಟ್ಟುಗಳು ಸಮಾನವಾಗಿರುತ್ತವೆ.,"Indicates they are Good Milkers, Use Teat Dips to prevent mastitis","यह दर्शाता है कि वे अच्छे दूध देने वाले हैं, मास्टिटिस को रोकने के लिए टीट डिप्स का उपयोग करें। ","ಈ ರೀತಿಯ ಕೆಚ್ಚಲಿನ ತೊಟ್ಟುಗಳು, ಸರಾಸರಿ ಉತ್ತಮ ಪ್ರಮಾಣದ  ಹಾಲು ಕರೆಯುವ ಸಾಮರ್ಥ್ಯವನ್ನು ಸೂಚಿಸುತ್ತದೆ & Teat Dip ದ್ರಾವಣವನ್ನು ಕಡ್ಡಾಯವಾಗಿ ಉಪಯೋಗಿಸಿ."
None,None,None,None,None,None,None,None,None,Teat-Score-3,None,None,None,None,None,N/A,N/A,Teat Size is Large Variable in Lenth & they are not Symmetrical,निप्पलों का आकार बड़ा है और इनकी लंबाई भी समान नहीं है ।,ಕೆಚ್ಚಲಿನ ತೊಟ್ಟು ಗಳು ದೊಡ್ಡದಾಗಿ & ವಿಭಿನ್ನ ಗಾತ್ರದಲ್ಲಿರುತ್ತವೆ ಮತ್ತು 4 ತೊಟ್ಟುಗಳು ಸಮಾನವಾಗಿರುವುದಿಲ್ಲ.,"Indicates they are prone for mastitis, Use Teat Dips to prevent mastitis","यह दर्शाता है  कि उन्हें मास्टिटिस होने का खतरा है, मास्टिटिस को रोकने के लिए टीट डिप्स का उपयोग करें। ",ಈ ರೀತಿಯ ಕೆಚ್ಚಲಿನ ತೊಟ್ಟುಗಳು ಪದೇ ಪದೇ ಕೆಚ್ಚಲು ಬಾವುನಿಂದ ಬಾಧಿಸಲ್ಪಡುತ್ತವೆ & Teat Dip ದ್ರಾವಣವನ್ನು ಕಡ್ಡಾಯವಾಗಿ ಉಪಯೋಗಿಸಿ.
None,None,None,None,None,None,None,None,None,Teat-Score-1,None,None,None,None,None,N/A,N/A,"Teat Size is very Large, Thick, Variable in lenth & Funnel shaped teat","निप्पलों का आकार बहुत बड़ा, मोटा, लंबाई में अलग-अलग होता है और यह कुप्पी  के आकार जैसा होता है।","ಕೆಚ್ಚಲಿನ ತೊಟ್ಟು ಗಳು ದೊಡ್ಡದಾಗಿ, ದಪ್ಪನಾಗಿ  & ವಿಭಿನ್ನ ಗಾತ್ರದಲ್ಲಿರುತ್ತವೆ ಮತ್ತು 4 ತೊಟ್ಟುಗಳು ಸಮಾನವಾಗಿರುವುದಿಲ್ಲ ವಿಭಿನ್ನವಾಗಿರುತ್ತವೆ.","Avoid Buying this type of Cow, If you are a farmer Prioritise this cow for Culling. Indicates they are prone for mastitis & Injury, Use Teat Dips to prevent mastitis","इस प्रकार की गाय खरीदने से बचें, यदि आप किसान हैं तो त्यागने नहीं तो  मारने के लिए इस गाय को प्राथमिकता दें।  यह दर्शाता है  कि उन्हें मास्टिटिस और चोट लगने का खतरा है, मास्टिटिस को रोकने के लिए टीट डिप्स का उपयोग करें। "," ನೀವು ಖರೀದಿದಾರರಾಗಿದ್ದರೆ ಈ ತರಹದ ಕೆಚ್ಚಲಿನ ಹಸು ಖರೀದಿಯನ್ನು ತಡೆಹಿಡಿಯಿರಿ. ನಿಮ್ಮ ಫಾರ್ಮ್ ನಲ್ಲಿ ಈ ತರಹದ ಹಸು ಇದ್ದರೆ, ಮುಂಬರುವ ಸಮಸ್ಯೆಯನ್ನು ತಪ್ಪಿಸಲು ಸೂಕ್ತ ಕ್ರಮ ಕೈಗೊಳ್ಳಿ. & Teat Dip ದ್ರಾವಣವನ್ನು ಕಡ್ಡಾಯವಾಗಿ ಉಪಯೋಗಿಸಿ."
None,None,None,None,None,None,None,None,Clefted-Slightly,None,None,None,None,None,None,N/A,N/A,Indicates their Milk Production Capacity is Average,यह बताता है कि उनकी दूध देने की  क्षमता औसत है।,"ಈ ರೀತಿಯ ಕೆಚ್ಚಲಿನ ಹಿಂಬದಿಯ ಸ್ವಲ್ಪ ಮಟ್ಟದ ಸೀಳಿಕೆಯು, ಸರಾಸರಿ ಕಡಿಮೆ ಪ್ರಮಾಣದ ಹಾಲು ಕರೆಯುವ ಸಾಮರ್ಥ್ಯವನ್ನು ಸೂಚಿಸುತ್ತದೆ.",Indicates their Milk Production Capacity is Average,यह दर्शाता है कि उनकी  दूध देने की क्षमता औसत है। ,"ಈ ರೀತಿಯ ಕೆಚ್ಚಲಿನ ಹಿಂಬದಿಯ ಸ್ವಲ್ಪ ಮಟ್ಟದ ಸೀಳಿಕೆಯು, ಸರಾಸರಿ ಕಡಿಮೆ ಪ್ರಮಾಣದ ಹಾಲು ಕರೆಯುವ ಸಾಮರ್ಥ್ಯವನ್ನು ಸೂಚಿಸುತ್ತದೆ."
None,None,None,None,None,None,None,None,Clefted-Moderate,None,None,None,None,None,None,N/A,N/A,Indicates their Milk Production Capacity is Good,यह बताता है कि उनकी दूध  देने की  क्षमता अच्छी है।,"ಈ ರೀತಿಯ ಕೆಚ್ಚಲಿನ ಹಿಂಬದಿಯ ಮಧ್ಯಮ ಮಟ್ಟದ ಸೀಳಿಕೆಯು, ಸರಾಸರಿ ಉತ್ತಮ  ಪ್ರಮಾಣದ ಹಾಲು ಕರೆಯುವ ಸಾಮರ್ಥ್ಯವನ್ನು ಸೂಚಿಸುತ್ತದೆ.",Indicates their Milk Production Capacity is Good,यह दर्शाता है कि उनकी दूध देने की क्षमता अच्छी है। ,"ಈ ರೀತಿಯ ಕೆಚ್ಚಲಿನ ಹಿಂಬದಿಯ ಮಧ್ಯಮ ಮಟ್ಟದ ಸೀಳಿಕೆಯು, ಸರಾಸರಿ ಉತ್ತಮ  ಪ್ರಮಾಣದ ಹಾಲು ಕರೆಯುವ ಸಾಮರ್ಥ್ಯವನ್ನು ಸೂಚಿಸುತ್ತದೆ."
None,None,None,None,None,None,None,None,Clefted-Deep,None,None,None,None,None,None,N/A,N/A,Indicates their Milk Production Capacity is Better & High milk producer,यह बताता है कि उनकी दूध  देने की क्षमता बेहतर है और वे अच्छे मात्रा मे दूध देते हैं।,"ಈ ರೀತಿಯ ಕೆಚ್ಚಲಿನ ಹಿಂಬದಿಯ ದೀರ್ಘ ಮಟ್ಟದ ಸೀಳಿಕೆಯು, ಸರಾಸರಿ ಅತ್ಯುತ್ತಮ  ಪ್ರಮಾಣದ ಹಾಲು ಕರೆಯುವ ಸಾಮರ್ಥ್ಯವನ್ನು ಸೂಚಿಸುತ್ತದೆ.",Indicates their Milk Production Capacity is Better & High milk producer,यह बताता है कि उनकी दूध देने की क्षमता बेहतर है और वे ज्यादा दूध देने की क्षमता रखते हैं।,"ಈ ರೀತಿಯ ಕೆಚ್ಚಲಿನ ಹಿಂಬದಿಯ ದೀರ್ಘ ಮಟ್ಟದ ಸೀಳಿಕೆಯು, ಸರಾಸರಿ ಅತ್ಯುತ್ತಮ  ಪ್ರಮಾಣದ ಹಾಲು ಕರೆಯುವ ಸಾಮರ್ಥ್ಯವನ್ನು ಸೂಚಿಸುತ್ತದೆ."
None,None,None,None,None,None,None,None,None,None,None,Wound-No,None,None,None,N/A,N/A,Farmer is providing Good Bedding like Rubber mats/Paddy straw/Grass floor. Animal welfare is good & Health,"किसान रबर मैट, धान के भूसे, या घास के फर्श जैसे अच्छे बिस्तर पशु को प्रदान कर रहा है। इससे पशु का कल्याण और स्वास्थ्य अच्छा है।","ರೈತರು ತಮ್ಮ ಹಸುಗಳಿಗೆ ಉತ್ತಮ ನೆಲಹಾಸನ್ನು ಅಂದರೆ ರಬ್ಬರ್ ಮಾಟ್ಸ್ / ಹುಲ್ಲಿನ ಹಾಸಿಗೆಯನ್ನು ಒದಗಿಸಿರುವುದರಿಂದ, ಹಸುಗಳು ಆರೋಗ್ಯವಾಗಿವೆ ಮತ್ತು ಅವುಗಳ ಕಲ್ಯಾಣ ಉತ್ತಮವಾಗಿದೆ.",Continue the Same welfare management practice,पहले  जैसे पशु के देखभाल तरीके जारी रखें।,ರೈತರು  ಈಗಾಗಲೇ ರೂಢಿಸಿಕೊಂಡಿರುವ ರಬ್ಬರ್ ಮಾಟ್ಸ್ / ಹುಲ್ಲಿನ ಹಾಸಿಗೆಯನ್ನು ಮುಂದುವರಿಸುವುದು ಉತ್ತಮ.
None,None,None,None,None,None,None,None,None,None,None,Wound-Ulcerated,None,None,None,N/A,N/A,Animal is not getting Comfortable Bedding upon resting. Sharp floor edges or Stones in the Shed & Paddock causing chronic ulcerated wounds,"आराम करते समय पशु को आरामदायक बिस्तर नहीं मिल रहा है। शेड और पैडॉक में फर्श के नुकीले किनारे या पत्थर हैं, जो पुराने अल्सर वाले घावों का कारण बन सकते हैं।","ಹಸುಗಳು ವಿಶ್ರಾಂತಿಯಿಂದ ಮೆಲಕು ಹಾಕಲು ಉತ್ತಮ ನೆಲಹಾಸದ ರಬ್ಬರ್ ಮಾಟ್ಸ್ / ಹುಲ್ಲಿನ ಹಾಸಿಗೆಯ ಕೊರತೆಯಿದ್ದು, ಶೆಡ್ & ಪ್ಯಾಡಕ್ ನಲ್ಲಿರುವ ಚೂಪಾದ ಕಲ್ಲುಗಳು ದೀರ್ಘ ಕಾಲದ ವರೆಗೂ ಮೊಣಕಾಲು & ತೊಡೆಗಳಿಗೆ ಚುಚ್ಚಿ ಗಾಯಗಳನ್ನು ಉಂಟುಮಾಡುತ್ತಿವೆ.",Apply Neem Oil on the Ulcerated wound or Apply Spray. Topicure on wound.Avoid Flies to Prevent Maggot wound. Use Rubber Mats for Animal Resting. Remove the Shrap edges & Sharp Stones from Paddock & Shed.,अल्सर वाले घाव पर नीम का तेल लगाएं या स्प्रे करें। घाव पर टॉपिक्योर करें। मैगॉट घाव से बचने के लिए मक्खियों से दूर रखें। जानवरों की आरामदायक स्थिति के लिए रबर मैट का इस्तेमाल करें। पैडॉक और शेड में नुकीले किनारों और पत्थरों को हटा दें।,"ಹುಣ್ಣುಗಾಯಗಳಿಗೆ ಬೇವಿನ ಎಣ್ಣೆ ಯನ್ನು ಹಚ್ಚಿ ಮತ್ತು  Spray. Topicure 100ml -1 ನ್ನು ಸಿಂಪಡಿಸುವುದರಿಂದ ಗಾಯಗಳು ಬೇಗನೆ ವಾಸಿಯಾಗಿ, ಹುಳುಗಳು ಬೀಳುವುದು ತಪ್ಪುತ್ತದೆ.ಹಸುಗಳು ವಿಶ್ರಾಂತಿಯಿಂದ ಮೆಲಕು ಹಾಕಲು ಉತ್ತಮ ನೆಲಹಾಸದ ರಬ್ಬರ್ ಮಾಟ್ಸ್ / ಹುಲ್ಲಿನ ಹಾಸಿಗೆಯ ಒದಗಿಸಿ.  ಶೆಡ್ & ಪ್ಯಾಡಕ್ ನಲ್ಲಿರುವ ಚೂಪಾದ ಕಲ್ಲುಗಳು ತೆಗೆದುಗಾಕಿ."
None,None,None,None,None,None,None,None,None,None,None,Wound-Dry,None,None,None,N/A,N/A,Animal is not getting Comfortable Bedding upon resting. Sharp floor edges or Stones in the Shed & Paddock causing chronic wounds,आराम करते समय पशु को आरामदायक बिस्तर नहीं मिल रहा है। शेड और पैडॉक में फर्श के नुकीले किनारे या पत्थर पुराने घावों का कारण बनते हैं।,"ಹಸುಗಳು ವಿಶ್ರಾಂತಿಯಿಂದ ಮೆಲಕು ಹಾಕಲು ಉತ್ತಮ ನೆಲಹಾಸದ ರಬ್ಬರ್ ಮಾಟ್ಸ್ / ಹುಲ್ಲಿನ ಹಾಸಿಗೆಯ ಕೊರತೆಯಿದ್ದು, ಶೆಡ್ & ಪ್ಯಾಡಕ್ ನಲ್ಲಿರುವ ಚೂಪಾದ ಕಲ್ಲುಗಳು ದೀರ್ಘ ಕಾಲದ ವರೆಗೂ ಮೊಣಕಾಲು & ತೊಡೆಗಳಿಗೆ ಚುಚ್ಚಿ ಗಾಯಗಳನ್ನು ಉಂಟುಮಾಡುತ್ತಿವೆ.",Apply Neem Oil on the dry wound or Apply Spray. Topicure to Prevent Maggot wound. Use Rubber Mats for Animal Resting. Remove the Sharp edges & Sharp  Stones from Paddock & Shed.,सूखे घाव पर नीम का तेल लगाएं या स्प्रे लगाएं। मैगॉट घाव को रोकने के लिए टॉपिक्योर। जानवरों के आराम के लिए रबर मैट का प्रयोग करें। पैडॉक और शेड से नुकीले  किनारों और नुकीले  पत्थरों को हटा दें।,"ಹುಣ್ಣುಗಾಯಗಳಿಗೆ ಬೇವಿನ ಎಣ್ಣೆ ಯನ್ನು ಹಚ್ಚಿ ಮತ್ತು  Spray. Topicure 100ml -1 ನ್ನು ಸಿಂಪಡಿಸುವುದರಿಂದ ಗಾಯಗಳು ಬೇಗನೆ ವಾಸಿಯಾಗಿ, ಹುಳುಗಳು ಬೀಳುವುದು ತಪ್ಪುತ್ತದೆ.ಹಸುಗಳು ವಿಶ್ರಾಂತಿಯಿಂದ ಮೆಲಕು ಹಾಕಲು ಉತ್ತಮ ನೆಲಹಾಸದ ರಬ್ಬರ್ ಮಾಟ್ಸ್ / ಹುಲ್ಲಿನ ಹಾಸಿಗೆಯ ಒದಗಿಸಿ.  ಶೆಡ್ & ಪ್ಯಾಡಕ್ ನಲ್ಲಿರುವ ಚೂಪಾದ ಕಲ್ಲುಗಳು ತೆಗೆದುಗಾಕಿ."
None,None,None,None,None,None,None,None,None,None,None,None,Good,None,None,N/A,N/A,60 Rumination/minute,60 जुगाली /मिनट,60 Rumination/minute,"Animal Rumen Microbial Health is Good, kindly follow the better feeding recommendations.","पशु का रुमेन माइक्रोबियल स्वास्थ्य अच्छा है, कृपया पशु के अच्छे आहार से जुड़े सुझावों का पालन करें।",ಹಸು ಉತ್ತಮವಾಗಿ ಮೆಲಕು ಹಾಕುತ್ತಿದೆ & ಹಸುವಿನ ಹೊಟ್ಟೆಯಲ್ಲಿ ಉತ್ತಮ ಪ್ರಮಾಣದ ಸೂಕ್ಷ್ಮಾಣುಜೇವಿಗಳು ವಾಸಿಸುತ್ತಿವೆ. ಕ ಕೆಳಗೆ ಸೂಚಿಸಲಾದ ಒಳ್ಳೆಯ ಆಹಾರ ಕ್ರಮಗಳನ್ನು ಅಳವಡಿಸಿಕೊಳ್ಳಿ.
None,None,None,None,None,None,None,None,None,None,None,None,Fair,None,None,N/A,N/A,40 Rumination/minute,40 जुगाली/मिनट,40 Rumination/minute,"Animal Rumen Microbial Health is Average, kindly follow the better feeding recommendations. Give Tab. Hepatocare 2 for 5 days & Tab. Ecotse 1 for 5 days","पशु का रुमेन माइक्रोबियल स्वास्थ्य औसत है, कृपया अच्छे आहार संबंधी सुझावों का पालन करें। 5 दिनों के लिए हेपेटोकेयर-2 टैबलेट दें और 5 दिनों के लिए इकोट्से-1 टैबलेट दें।",ಹಸು ಮಧ್ಯಮ ಪ್ರಮಾಣದಲ್ಲಿ ಮೆಲಕು ಹಾಕುತ್ತಿದೆ & ಹಸುವಿನ ಹೊಟ್ಟೆಯಲ್ಲಿ  ಸೂಕ್ಷ್ಮಣುಜೀವಿಗಳ ಪ್ರಮಾಣ ಕಡಿಮೆ ಇದೆ. ಈ ಜೀವಿಗಳ ಪ್ರಮಾಣವನ್ನು ಹೆಚ್ಚಿಸಲು  Tab. Hepatocare 2 ನ್ನು  5 ದಿನಗಳವರೆಗೆ  & Tab. Ecotase 1 ನ್ನು5 ದಿನಗಳವರೆಗೆ ನೀಡಬೇಕು.
None,None,None,None,None,None,None,None,None,None,None,None,Poor,None,None,N/A,N/A,20 Rumination/minute,20  जुगाली/मिनट,20 Rumination/minute,"Animal Rumen Microbial Health is Poor, Kindly follow the better feeding recommendations. Give Tab. Hepatocare 2 for 5 days & Tab. Ecotse 1 for 5 days & Feed Pow. Rumen Fs 100g","पशु का रुमेन माइक्रोबियल स्वास्थ्य खराब है, कृपया अच्छे आहार संबंधी निर्देशों का पालन करें। 5 दिनों के लिए हेपेटोकेयर-2 टैबलेट दें, 5 दिनों के लिए इकोट्से-1 टैबलेट दें, और 100 ग्राम रुमेन-एफएस पाउडर दें।","ಹಸು ಕಡಿಮೆ ಪ್ರಮಾಣದಲ್ಲಿ ಮೆಲಕು ಹಾಕುತ್ತಿದೆ & ಹಸುವಿನ ಹೊಟ್ಟೆಯಲ್ಲಿ  ಸೂಕ್ಷ್ಮಣುಜೀವಿಗಳ ಪ್ರಮಾಣ ತೀರಾ ಕಡಿಮೆ ಇದೆ. ಈ ಜೀವಿಗಳ ಪ್ರಮಾಣವನ್ನು ಹೆಚ್ಚಿಸಲು  Tab. Hepatocare 2 ನ್ನು  5 ದಿನಗಳವರೆಗೆ,  Tab. Ecotase 1 ನ್ನು5 ದಿನಗಳವರೆಗೆ  Pow. Rumen Fs 100  ಗ್ರಾಂ ಒಂದು ದಿನ ನೀಡಬೇಕು."
None,None,None,None,None,None,None,None,None,None,None,None,None,Active,None,N/A,N/A,Rumination is good & Animal is active,जुगाली अच्छी  है और पशु सक्रिय है,ಹಸುವಿನ ಮೆಲಕು ಉತ್ತಮವಾಗಿದೆ & ಹಸು ಚುರುಕಾಗಿರುವುದು ಕಂಡುಬಂದಿದೆ.,Follow all the recommendation to keep active status and Provide Clean drinkinking water 24*7,पशु की अच्छी  स्थिति बनाए रखने  लिए डॉक्टर द्वारा बताए  गए सभी निर्देशों का पालन करें और पशु को हमेशा 24x7 साफ पानी उपलब्ध कराते रहें। ,ಹಸುವಿನ ಕಾರ್ಯಚಟುವಟಿಕೆಗಳನ್ನೂ ಉತ್ತಮವಾಗಿ ಕಾಪಾಡಿಕೊಳ್ಳಲು ಎಲ್ಲ ಶಿಫಾರಸ್ಸುಗಳನ್ನು ತಪ್ಪದೆ ಪಾಲಿಸಿ ಮತ್ತು ಹಸುವಿಗೆ ಸಾಕಷ್ಟು ಪ್ರಮಾಣದಲ್ಲಿ ಶುದ್ಧ ಕುಡಿಯುವ ನೀರನ್ನು ಒದಗಿಸಿ.
None,None,None,None,None,None,None,None,None,None,None,None,None,Dull,None,N/A,N/A,Animal may suffering from few disorders,पशु कुछ बीमारियों से पीड़ित हो सकता है। ,ಹಸುವಿನ ಕಾರ್ಯಚಟುವಟಿಕೆ ಕಡಿಮೆ ಇದೆ & ಕೆಲವು ಬಾದೆಗಳಿಂದ ಬಳಲುತ್ತಿರುವುದನ್ನು ಸೂಚಿಸುತ್ತದೆ.,Follow the recommendations given in this report without any deviations to improve animals health status. And Provide Clean drinkinking water 24*7,पशुओं के स्वास्थ्य की स्थिति में सुधार के लिए इस रिपोर्ट में दिए गए निर्देशों का बिना किसी बदलाव के पालन करें और 24x7 साफ पानी उपलब्ध कराएं।,ಹಸುವಿನ ಕಾರ್ಯಚಟುವಟಿಕೆಗಳನ್ನೂ & ಆರೋಗ್ಯ ಸ್ಥಿತಿಯನ್ನು ಸುಧಾರಿಸಲು ಈ ರಿಪೋರ್ಟ್ ನಲ್ಲಿ  ತಿಳಿಸಿದ ಎಲ್ಲ ಶಿಫಾರಸ್ಸುಗಳನ್ನು ತಪ್ಪದೆ ಪಾಲಿಸಿ ಮತ್ತು ಹಸುವಿಗೆ ಸಾಕಷ್ಟು ಪ್ರಮಾಣದಲ್ಲಿ ಶುದ್ಧ ಕುಡಿಯುವ ನೀರನ್ನು ಒದಗಿಸಿ.
None,None,None,None,None,None,None,None,None,None,None,None,None,Depressed,None,N/A,N/A,Animal may suffering from serious health issue,पशु गंभीर बीमारी  से पीड़ित हो सकता है।,ಹಸುವಿನ ಕಾರ್ಯಚಟುವಟಿಕೆ ಕಡಿಮೆ ಇದೆ & ಹಸುವು ಗಂಭೀರ ಆರೋಗ್ಯ ಸಮಸ್ಯೆಯಿಂದ ಬಳಲುತ್ತಿರಬಹುದು,Follow the recommendations given in this report without any deviations to improve animals health status & Contact Local Veterinarian or Silofortune Doctor for better advices.,पशुओं के स्वास्थ्य की स्थिति में सुधार के लिए इस रिपोर्ट में दिए गए निर्देशों का बिना किसी बदलाव के पालन करें और बेहतर सलाह के लिए स्थानीय पशुचिकित्सक या साइलो फॉर्च्यून के डॉक्टर से संपर्क करें।,ಹಸುವಿನ ಆರೋಗ್ಯ ಸ್ಥಿತಿಯನ್ನು ಸುಧಾರಿಸಲು ಈ ರಿಪೋರ್ಟ್ ನಲ್ಲಿ  ತಿಳಿಸಿದ ಎಲ್ಲ ಶಿಫಾರಸ್ಸುಗಳನ್ನು ಯಥಾವತ್ತಾಗಿ  ಪಾಲಿಸಿ ಮತ್ತು ಹೆಚ್ಚಿನ ಸಲಹೆಗಳಿಗಾಗಿ ಸ್ಥಳೀಯ ಪಶುವೈದ್ಯರು ಅಥವಾ ಸೈಲೋ ಫಾರ್ಚ್ಯೂನ್ ಪಶುವೈದ್ಯರನ್ನು ಸಂಪರ್ಕಿಸಿ.
None,None,None,None,None,None,None,None,None,None,None,None,None,None,1,NO,Poor,,,,,,
None,None,None,None,None,None,None,None,None,None,None,None,None,None,1.25,NO,Poor,,,,,,
None,None,None,None,None,None,None,None,None,None,None,None,None,None,1.5,NO,Poor,,,,,,
None,None,None,None,None,None,None,None,None,None,None,None,None,None,1.75,Physical Check required,Poor,,,,,,
None,None,None,None,None,None,None,None,None,None,None,None,None,None,2,Physical Check required,Fair,,,,,,
None,None,None,None,None,None,None,None,None,None,None,None,None,None,2.25,Physical Check required,Fair,,,,,,
None,None,None,None,None,None,None,None,None,None,None,None,None,None,2.5,YES,Good,,,,,,
None,None,None,None,None,None,None,None,None,None,None,None,None,None,2.75,YES,Good,,,,,,
None,None,None,None,None,None,None,None,None,None,None,None,None,None,3,YES,Good,,,,,,
None,None,None,None,None,None,None,None,None,None,None,None,None,None,3.25,YES,Good,,,,,,
None,None,None,None,None,None,None,None,None,None,None,None,None,None,3.5,YES,Good,,,,,,
None,None,None,None,None,None,None,None,None,None,None,None,None,None,3.75,Physical Check required,Fair,,,,,,
None,None,None,None,None,None,None,None,None,None,None,None,None,None,4,Physical Check required,Fair,,,,,,
None,None,None,None,None,None,None,None,None,None,None,None,None,None,4.25,Physical Check required,Fair,,,,,,
None,None,None,None,None,None,None,None,None,None,None,None,None,None,4.5,Physical Check required,Fair,,,,,,
None,None,None,None,None,None,None,None,None,None,None,None,None,None,4.75,Physical Check required,Poor,,,,,,
None,None,None,None,None,None,None,None,None,None,None,None,None,None,5,Physical Check required,Poor,,,,,,